{
 "Canada": 0.02617801047120419, 
 "Brazil": 0.015706806282722512, 
 "Italy": 0.020942408376963352, 
 "Ireland": 0.005235602094240838, 
 "France": 0.031413612565445025, 
 "Georgia": 0.005235602094240838, 
 "Slovakia": 0.005235602094240838, 
 "Peru": 0.005235602094240838, 
 "Argentina": 0.005235602094240838, 
 "Australia": 0.015706806282722512, 
 "Korea (South)": 0.02617801047120419, 
 "China": 0.005235602094240838, 
 "Belgium": 0.005235602094240838, 
 "Germany": 0.031413612565445025, 
 "Britain (UK)": 0.06806282722513089, 
 "Hong Kong": 0.005235602094240838, 
 "Poland": 0.015706806282722512, 
 "Spain": 0.005235602094240838, 
 "Mauritania": 0.005235602094240838, 
 "Netherlands": 0.020942408376963352, 
 "Denmark": 0.005235602094240838, 
 "Philippines": 0.02617801047120419, 
 "Indonesia": 0.02617801047120419, 
 "United States": 0.4973821989528796, 
 "Sweden": 0.015706806282722512, 
 "Latvia": 0.005235602094240838, 
 "Egypt": 0.005235602094240838, 
 "Switzerland": 0.005235602094240838, 
 "New Zealand": 0.005235602094240838, 
 "Pakistan": 0.015706806282722512, 
 "South Africa": 0.010471204188481676, 
 "Tunisia": 0.005235602094240838, 
 "India": 0.010471204188481676, 
 "Malaysia": 0.005235602094240838, 
 "Vietnam": 0.005235602094240838, 
 "Colombia": 0.005235602094240838, 
 "Japan": 0.02617801047120419
}