{
 "Canada": 0.047775947281713346, 
 "Turkey": 0.006589785831960461, 
 "Syria": 0.0016474464579901153, 
 "Italy": 0.0214168039538715, 
 "Czech Republic": 0.004942339373970346, 
 "Serbia": 0.006589785831960461, 
 "Monaco": 0.0016474464579901153, 
 "Lithuania": 0.008237232289950576, 
 "Costa Rica": 0.0016474464579901153, 
 "France": 0.051070840197693576, 
 "Andorra": 0.0016474464579901153, 
 "Bosnia & Herzegovina": 0.0032948929159802307, 
 "Virgin Islands (US)": 0.0032948929159802307, 
 "Ireland": 0.006589785831960461, 
 "Pakistan": 0.016474464579901153, 
 "Palestine": 0.0016474464579901153, 
 "Argentina": 0.009884678747940691, 
 "Norway": 0.02800658978583196, 
 "Australia": 0.026359143327841845, 
 "Algeria": 0.0032948929159802307, 
 "Singapore": 0.0016474464579901153, 
 "Venezuela": 0.004942339373970346, 
 "Zambia": 0.0016474464579901153, 
 "Korea (South)": 0.0032948929159802307, 
 "Wallis & Futuna": 0.0016474464579901153, 
 "Zimbabwe": 0.0016474464579901153, 
 "Germany": 0.05271828665568369, 
 "Jersey": 0.0016474464579901153, 
 "Denmark": 0.004942339373970346, 
 "Belgium": 0.0032948929159802307, 
 "China": 0.0032948929159802307, 
 "Dominican Republic": 0.0016474464579901153, 
 "Hong Kong": 0.0016474464579901153, 
 "Philippines": 0.0016474464579901153, 
 "Spain": 0.013179571663920923, 
 "Ukraine": 0.006589785831960461, 
 "Mauritania": 0.0016474464579901153, 
 "Kyrgyzstan": 0.0016474464579901153, 
 "Netherlands": 0.029654036243822075, 
 "Britain (UK)": 0.10049423393739704, 
 "Lebanon": 0.004942339373970346, 
 "Poland": 0.006589785831960461, 
 "Indonesia": 0.009884678747940691, 
 "United States": 0.31795716639209226, 
 "Morocco": 0.0016474464579901153, 
 "Sweden": 0.013179571663920923, 
 "Vietnam": 0.0032948929159802307, 
 "Croatia": 0.0016474464579901153, 
 "Egypt": 0.008237232289950576, 
 "Finland": 0.006589785831960461, 
 "Hungary": 0.0016474464579901153, 
 "Switzerland": 0.0032948929159802307, 
 "Belarus": 0.0032948929159802307, 
 "New Zealand": 0.0016474464579901153, 
 "Yemen": 0.0016474464579901153, 
 "Russia": 0.009884678747940691, 
 "Brazil": 0.018121911037891267, 
 "Iceland": 0.0032948929159802307, 
 "Jamaica": 0.0016474464579901153, 
 "Romania": 0.004942339373970346, 
 "Estonia": 0.0016474464579901153, 
 "Portugal": 0.011532125205930808, 
 "Mexico": 0.014827018121911038, 
 "Tunisia": 0.0016474464579901153, 
 "United Arab Emirates": 0.0016474464579901153, 
 "South Africa": 0.004942339373970346, 
 "India": 0.016474464579901153, 
 "Azerbaijan": 0.0032948929159802307, 
 "Peru": 0.006589785831960461, 
 "Malaysia": 0.009884678747940691, 
 "Greece": 0.004942339373970346, 
 "Japan": 0.006589785831960461, 
 "Macau": 0.0016474464579901153
}