{
 "Brazil": 0.02823179791976226, 
 "Canada": 0.03566121842496285, 
 "Italy": 0.022288261515601784, 
 "Czech Republic": 0.004457652303120356, 
 "Serbia": 0.004457652303120356, 
 "Lithuania": 0.0029717682020802376, 
 "Malta": 0.0014858841010401188, 
 "France": 0.06092124814264487, 
 "Georgia": 0.0014858841010401188, 
 "Ireland": 0.007429420505200594, 
 "Palestine": 0.0014858841010401188, 
 "Argentina": 0.005943536404160475, 
 "Norway": 0.0014858841010401188, 
 "Nigeria": 0.0014858841010401188, 
 "Israel": 0.0014858841010401188, 
 "Australia": 0.04309063893016345, 
 "Iran": 0.0014858841010401188, 
 "Algeria": 0.0014858841010401188, 
 "Singapore": 0.004457652303120356, 
 "Venezuela": 0.004457652303120356, 
 "Zambia": 0.0014858841010401188, 
 "Korea (South)": 0.0014858841010401188, 
 "Wallis & Futuna": 0.0014858841010401188, 
 "Russia": 0.004457652303120356, 
 "Slovenia": 0.0014858841010401188, 
 "Guatemala": 0.0014858841010401188, 
 "Germany": 0.0549777117384844, 
 "Chile": 0.005943536404160475, 
 "Belgium": 0.004457652303120356, 
 "China": 0.0029717682020802376, 
 "Dominican Republic": 0.0014858841010401188, 
 "Hong Kong": 0.0029717682020802376, 
 "Philippines": 0.0014858841010401188, 
 "Spain": 0.022288261515601784, 
 "Ukraine": 0.008915304606240713, 
 "Netherlands": 0.029717682020802376, 
 "Pakistan": 0.010401188707280832, 
 "Denmark": 0.0014858841010401188, 
 "Poland": 0.004457652303120356, 
 "Indonesia": 0.010401188707280832, 
 "Saudi Arabia": 0.0014858841010401188, 
 "Turkey": 0.010401188707280832, 
 "United States": 0.3551263001485884, 
 "Morocco": 0.0029717682020802376, 
 "Sweden": 0.017830609212481426, 
 "Vietnam": 0.0014858841010401188, 
 "Croatia": 0.0014858841010401188, 
 "Egypt": 0.005943536404160475, 
 "Finland": 0.0014858841010401188, 
 "Japan": 0.0029717682020802376, 
 "Switzerland": 0.004457652303120356, 
 "Syria": 0.0014858841010401188, 
 "New Zealand": 0.0014858841010401188, 
 "Yemen": 0.004457652303120356, 
 "French Guiana": 0.0014858841010401188, 
 "Britain (UK)": 0.08766716196136701, 
 "Thailand": 0.004457652303120356, 
 "Jamaica": 0.0014858841010401188, 
 "Romania": 0.0029717682020802376, 
 "Greenland": 0.0014858841010401188, 
 "Estonia": 0.0014858841010401188, 
 "Portugal": 0.008915304606240713, 
 "Mexico": 0.01337295690936107, 
 "Tunisia": 0.0014858841010401188, 
 "South Africa": 0.004457652303120356, 
 "India": 0.01337295690936107, 
 "Azerbaijan": 0.0029717682020802376, 
 "Peru": 0.007429420505200594, 
 "Malaysia": 0.005943536404160475, 
 "Austria": 0.0014858841010401188, 
 "Latvia": 0.0014858841010401188, 
 "US minor outlying islands": 0.0014858841010401188, 
 "Colombia": 0.007429420505200594, 
 "Greece": 0.0014858841010401188, 
 "Hungary": 0.0029717682020802376, 
 "Macau": 0.0014858841010401188
}