{
 "Canada": 0.031630170316301706, 
 "Brazil": 0.046228710462287104, 
 "Italy": 0.004866180048661801, 
 "Bangladesh": 0.0024330900243309003, 
 "Costa Rica": 0.0024330900243309003, 
 "France": 0.009732360097323601, 
 "Georgia": 0.004866180048661801, 
 "Argentina": 0.0024330900243309003, 
 "Norway": 0.0024330900243309003, 
 "Australia": 0.009732360097323601, 
 "Turkey": 0.0024330900243309003, 
 "Dominican Republic": 0.0024330900243309003, 
 "Zimbabwe": 0.0024330900243309003, 
 "Germany": 0.021897810218978103, 
 "Gambia": 0.0024330900243309003, 
 "Belgium": 0.0072992700729927005, 
 "Britain (UK)": 0.0413625304136253, 
 "Poland": 0.004866180048661801, 
 "Spain": 0.0072992700729927005, 
 "Liberia": 0.0024330900243309003, 
 "Netherlands": 0.014598540145985401, 
 "Trinidad & Tobago": 0.029197080291970802, 
 "Denmark": 0.0024330900243309003, 
 "Philippines": 0.0024330900243309003, 
 "Finland": 0.0024330900243309003, 
 "United States": 0.6520681265206812, 
 "Aaland Islands": 0.004866180048661801, 
 "Albania": 0.0024330900243309003, 
 "Switzerland": 0.0024330900243309003, 
 "Syria": 0.0024330900243309003, 
 "New Zealand": 0.009732360097323601, 
 "Yemen": 0.0024330900243309003, 
 "Russia": 0.004866180048661801, 
 "Jersey": 0.0072992700729927005, 
 "Bulgaria": 0.0024330900243309003, 
 "Romania": 0.0024330900243309003, 
 "Greenland": 0.0024330900243309003, 
 "Portugal": 0.0024330900243309003, 
 "Mexico": 0.004866180048661801, 
 "Egypt": 0.012165450121654502, 
 "South Africa": 0.0024330900243309003, 
 "India": 0.0024330900243309003, 
 "Austria": 0.004866180048661801, 
 "Colombia": 0.004866180048661801, 
 "Sri Lanka": 0.0024330900243309003, 
 "Japan": 0.004866180048661801
}