{
 "Brazil": 0.03194888178913738, 
 "Canada": 0.03514376996805112, 
 "Northern Mariana Islands": 0.003194888178913738, 
 "Georgia": 0.006389776357827476, 
 "Hungary": 0.006389776357827476, 
 "France": 0.04153354632587859, 
 "Maldives": 0.003194888178913738, 
 "Peru": 0.006389776357827476, 
 "Argentina": 0.009584664536741214, 
 "Venezuela": 0.003194888178913738, 
 "Bangladesh": 0.003194888178913738, 
 "Bahrain": 0.003194888178913738, 
 "Israel": 0.006389776357827476, 
 "Australia": 0.02875399361022364, 
 "Algeria": 0.006389776357827476, 
 "Norway": 0.003194888178913738, 
 "Korea (South)": 0.009584664536741214, 
 "Marshall Islands": 0.003194888178913738, 
 "Chile": 0.006389776357827476, 
 "Belgium": 0.006389776357827476, 
 "Thailand": 0.003194888178913738, 
 "Britain (UK)": 0.07667731629392971, 
 "Germany": 0.03194888178913738, 
 "Poland": 0.006389776357827476, 
 "Spain": 0.012779552715654952, 
 "Ukraine": 0.003194888178913738, 
 "Netherlands": 0.006389776357827476, 
 "Philippines": 0.03514376996805112, 
 "Indonesia": 0.04792332268370607, 
 "United States": 0.36421725239616615, 
 "Morocco": 0.003194888178913738, 
 "Sweden": 0.006389776357827476, 
 "Vietnam": 0.003194888178913738, 
 "Kenya": 0.003194888178913738, 
 "Switzerland": 0.003194888178913738, 
 "New Zealand": 0.01597444089456869, 
 "Russia": 0.003194888178913738, 
 "Pakistan": 0.022364217252396165, 
 "Romania": 0.006389776357827476, 
 "Mexico": 0.019169329073482427, 
 "Egypt": 0.03514376996805112, 
 "Uruguay": 0.003194888178913738, 
 "India": 0.022364217252396165, 
 "Malaysia": 0.022364217252396165, 
 "Austria": 0.003194888178913738, 
 "Japan": 0.012779552715654952, 
 "Taiwan": 0.003194888178913738
}