{
 "Canada": 0.0539568345323741, 
 "Brazil": 0.0035971223021582736, 
 "Bangladesh": 0.0035971223021582736, 
 "France": 0.007194244604316547, 
 "Georgia": 0.007194244604316547, 
 "Peru": 0.0035971223021582736, 
 "Argentina": 0.0035971223021582736, 
 "Venezuela": 0.0035971223021582736, 
 "Ghana": 0.0035971223021582736, 
 "Australia": 0.04316546762589928, 
 "Iran": 0.0035971223021582736, 
 "Germany": 0.017985611510791366, 
 "Chile": 0.0035971223021582736, 
 "Britain (UK)": 0.039568345323741004, 
 "Poland": 0.0035971223021582736, 
 "Spain": 0.0035971223021582736, 
 "Netherlands": 0.014388489208633094, 
 "Philippines": 0.007194244604316547, 
 "Indonesia": 0.017985611510791366, 
 "United States": 0.6726618705035972, 
 "Aaland Islands": 0.01079136690647482, 
 "Sweden": 0.0035971223021582736, 
 "Finland": 0.0035971223021582736, 
 "Japan": 0.0035971223021582736, 
 "Switzerland": 0.007194244604316547, 
 "New Zealand": 0.0035971223021582736, 
 "Romania": 0.0035971223021582736, 
 "Egypt": 0.007194244604316547, 
 "Guam": 0.0035971223021582736, 
 "India": 0.014388489208633094, 
 "Austria": 0.007194244604316547, 
 "Mozambique": 0.0035971223021582736, 
 "Colombia": 0.007194244604316547, 
 "Kenya": 0.0035971223021582736
}