{
 "Brazil": 0.03067484662576687, 
 "Canada": 0.032719836400818, 
 "Italy": 0.02044989775051125, 
 "Czech Republic": 0.002044989775051125, 
 "Lithuania": 0.002044989775051125, 
 "France": 0.03680981595092025, 
 "Georgia": 0.002044989775051125, 
 "Peru": 0.016359918200409, 
 "Pakistan": 0.010224948875255624, 
 "Argentina": 0.014314928425357873, 
 "Thailand": 0.002044989775051125, 
 "Saudi Arabia": 0.002044989775051125, 
 "Australia": 0.0408997955010225, 
 "Iran": 0.00408997955010225, 
 "Algeria": 0.002044989775051125, 
 "Singapore": 0.002044989775051125, 
 "Zambia": 0.002044989775051125, 
 "Korea (South)": 0.002044989775051125, 
 "Germany": 0.018404907975460124, 
 "Armenia": 0.002044989775051125, 
 "Puerto Rico": 0.00408997955010225, 
 "Jordan": 0.00408997955010225, 
 "Dominican Republic": 0.002044989775051125, 
 "Hong Kong": 0.002044989775051125, 
 "Spain": 0.03067484662576687, 
 "Tonga": 0.002044989775051125, 
 "Netherlands": 0.022494887525562373, 
 "Chile": 0.002044989775051125, 
 "Britain (UK)": 0.065439672801636, 
 "Turkey": 0.00408997955010225, 
 "Indonesia": 0.018404907975460124, 
 "United States": 0.3456032719836401, 
 "Morocco": 0.002044989775051125, 
 "Sweden": 0.0081799591002045, 
 "Belarus": 0.002044989775051125, 
 "Ireland": 0.0081799591002045, 
 "Egypt": 0.1329243353783231, 
 "Finland": 0.00408997955010225, 
 "Japan": 0.006134969325153374, 
 "Switzerland": 0.002044989775051125, 
 "Syria": 0.002044989775051125, 
 "New Zealand": 0.006134969325153374, 
 "Russia": 0.00408997955010225, 
 "Jamaica": 0.002044989775051125, 
 "Romania": 0.02044989775051125, 
 "Estonia": 0.002044989775051125, 
 "Portugal": 0.006134969325153374, 
 "Uruguay": 0.002044989775051125, 
 "Tunisia": 0.002044989775051125, 
 "Mexico": 0.012269938650306749, 
 "South Africa": 0.00408997955010225, 
 "Malaysia": 0.00408997955010225, 
 "Colombia": 0.0081799591002045, 
 "Greece": 0.006134969325153374, 
 "Hungary": 0.002044989775051125, 
 "Nicaragua": 0.002044989775051125
}